Annual Distance (miles/vehicle),2020.0
LDVs,11071.237702606
HDVs,13956.006072493
aircraft,1155600.022037284
rail,220572.222222222
ships,202.498713959
motorbikes,2182.243419835
