Annual Distance (miles/vehicle),2020.0
LDVs,11222.137962003
HDVs,7867.709388218
aircraft,1205902.646063602
rail,220572.222222222
ships,191.763830232
motorbikes,1907.753568807
