Annual Distance (miles/vehicle),2020.0
LDVs,9991.413559174
HDVs,27982.358844834
aircraft,1123178.251720759
rail,15479.856152241
ships,42254.117125232
motorbikes,0.0
