Annual Distance (miles/vehicle),2020.0
LDVs,9790.828548722
HDVs,28908.114076186
aircraft,941644.687758208
rail,15423.177110072
ships,39421.68128476
motorbikes,0.0
