Annual Distance (miles/vehicle),2020.0
LDVs,10064.311951326
HDVs,27872.967584491
aircraft,750566.819733804
rail,15419.141648148
ships,42089.064479972
motorbikes,0.0
