Annual Distance (miles/vehicle),2020.0
LDVs,11151.522354167
HDVs,13901.480065462
aircraft,772232.612825142
rail,162455.0
ships,203.786297731
motorbikes,2198.581036857
