Fuel Economy (freight ton*miles/BTU),battery electric vehicle,natural gas vehicle,gasoline vehicle,diesel vehicle,plugin hybrid vehicle,LPG vehicle,hydrogen vehicle
LDVs,0.00036491154123730247,0.00011460031873568179,0.00011460031873568179,0.00011460031873568179,0.00025227149111157316,8.881524702015339e-05,0.0003438009562070453
HDVs,0.00270627924693133,0.0008421660506940605,0.0008421660506940605,0.0008421660506940605,0.0018674283086245586,0.0006526786892878969,0.002526498152082181
aircraft,0.0003330731512548964,0.00010364891232219509,0.00010364891232219509,0.00010364891232219509,0.0,0.0,0.00031094673696658524
rail,0.011068951578349735,0.003444543,0.003444543,0.003444543,0.0,0.0,0.010333628999999999
ships,0.015376273705526118,0.004784937,0.004784937,0.004784937,0.0,0.0,0.014354810999999999
motorbikes,0.0,0.0,0.0,0.0,0.0,0.0,0.0
,,,,,,,
