Unit: dimensionless (MW-peak/MW-avg),summer,winter
LDVs,2.78371,0.58478
HDVs,1.20596,0.64915
aircraft,0.93916,0.73755
rail,0.93916,0.73755
ships,0.93916,0.73755
motorbikes,0.93916,0.73755
