solar pv,Hour0,Hour1,Hour2,Hour3,Hour4,Hour5,Hour6,Hour7,Hour8,Hour9,Hour10,Hour11,Hour12,Hour13,Hour14,Hour15,Hour16,Hour17,Hour18,Hour19,Hour20,Hour21,Hour22,Hour23
Winter,0,0,0,0,0.0,0.0,0.0013129897844481422,0.06613906376281611,0.24454818586352786,0.32643786279735176,0.31628511335653137,0.30955828898141335,0.32217799400287006,0.33504511841571616,0.3193708367590731,0.1786554447749408,0.0292218093958101,0.0,0.0,0.0,0,0,0,0
Spring,0,0,0,0,0.0036753733838388205,0.08055085946024791,0.2504781355498886,0.4132904590613409,0.505483793717258,0.5336085569375056,0.5468569002353117,0.5509706863040265,0.5521244327567824,0.5478845242146201,0.5383581647799706,0.49372040545465296,0.3755255520010505,0.16208300659977662,0.02161547269389788,0.0,0,0,0,0
Summer,0,0,0,0,0.01281578292260548,0.16871098839536636,0.38832848631485434,0.5076391864494568,0.5741321141979441,0.6058543807321551,0.61616424057888,0.6214141247782288,0.6228397436332681,0.6206133195560163,0.6176800297540161,0.5920800670113476,0.5120247692847882,0.3323518533581367,0.10122995630317844,6.958481293663898e-06,0,0,0,0
Fall,0,0,0,0,0.0,0.006347061786715099,0.14192954777556036,0.3815899529186387,0.48311854404400345,0.49849638844587735,0.4871747254933414,0.4805613592053138,0.48384385164540417,0.49506833826593943,0.490742544184838,0.40395374180059346,0.20192952328321576,0.030455062449005168,0.0,0.0,0,0,0,0
Summer Peak,0,0,0,0,0.0005044898937906325,0.1374230470685683,0.39057607577270775,0.5142265487407918,0.6677175989265918,0.6384319605920455,0.5933305640871629,0.6022095862178781,0.626399876625139,0.6467812683342805,0.676319151615722,0.6006204430524376,0.48542017580534663,0.35480774230295187,0.015159921308408509,0.0,0,0,0,0
Winter Peak,0,0,0,0,0.0,0.0,0.0,0.003178286330880985,0.06202703244155828,0.11330843014537607,0.16920591037737814,0.25100894665552925,0.2948491184259352,0.380385379918137,0.4067954258580766,0.1400211700215901,0.0,0.0,0.0,0.0,0,0,0,0
