natural gas steam turbine,Hour0,Hour1,Hour2,Hour3,Hour4,Hour5,Hour6,Hour7,Hour8,Hour9,Hour10,Hour11,Hour12,Hour13,Hour14,Hour15,Hour16,Hour17,Hour18,Hour19,Hour20,Hour21,Hour22,Hour23
Winter,0,0,0,0,0,0,0,0,0,0,0.0,0.0,0.0,0.0,0.0,0.0,0.0,0.015359559716046902,0.0,0.0,0.0,0,0,0
Spring,0,0,0,0,0,0,0,0,0,0,0.0,0.0,0.0,0.0,0.0,0.02142795719314579,0.02142795719314579,0.02142795719314579,0.02142795719314579,0.0,0.0,0,0,0
Summer,0,0,0,0,0,0,0,0,0,0,0.21481157638590842,0.47276674364088517,0.7961623995670123,0.8858938175509993,0.95,0.95,0.95,0.95,0.95,0.8545331401545754,0.30327406522668754,0,0,0
Fall,0,0,0,0,0,0,0,0,0,0,0.0,0.0,0.0,0.0,0.06127412178876732,0.1261678119532424,0.18382236536630195,0.18382236536630195,0.12254824357753465,0.0,0.0,0,0,0
Summer Peak,0,0,0,0,0,0,0,0,0,0,0.0,0.0,0.0,0.0,0.0,0.0,0.0,0.0,0.0,0.0,0.0,0,0,0
Winter Peak,0,0,0,0,0,0,0,0,0,0,0.0,0.0,0.0,0.0,0.0,0.0,0.0,0.0,0.0,0.0,0.0,0,0,0
