Unit: dimensionless (ratio of electricity demand in this hour to annual demand),Hour0,Hour1,Hour2,Hour3,Hour4,Hour5,Hour6,Hour7,Hour8,Hour9,Hour10,Hour11,Hour12,Hour13,Hour14,Hour15,Hour16,Hour17,Hour18,Hour19,Hour20,Hour21,Hour22,Hour23
Winter,0,0,0,0,0.0,0.0,0.00477978269305394,0.08605258051998446,0.1973680636398914,0.23706053550640288,0.22802386495925492,0.23004850601474575,0.23673166472642607,0.4114280170741174,0.34266783081102037,0.1541831587116802,0.018292588280946834,0.0,0.0,0.0,0,0,0,0
Spring,0,0,0,0,0.002210608898112061,0.016271448094346313,0.21377233385635466,0.3172900744040087,0.3669522194665182,0.3807169610770867,0.38521789745406687,0.37723844713266186,0.38441691552361185,0.49374019334919284,0.4828643012603128,0.4211874272409779,0.28918611125170823,0.16251202105582832,0.01686743938857114,0.0,0,0,0,0
Summer,0,0,0,0,0.006464797287037506,0.028858126233739945,0.3138672369286835,0.37222250341651064,0.4139659361239054,0.42706635622817224,0.427291592853166,0.4288935567140759,0.4244710735435542,0.5307625145518045,0.5283722225034166,0.48264918762970094,0.4038201650048084,0.22929341499215478,0.05812243761704713,8.731082654249127e-05,0,0,0,0
Fall,0,0,0,0,0.0,0.0,0.15230634172407864,0.3036355655642284,0.35337124754289206,0.3512357106051643,0.331519685490181,0.330153247199374,0.3264127177999579,0.480560697723239,0.450909368499399,0.3471879234336533,0.14380617950724253,0.04583866104314967,0.0,0.0,0,0,0,0
Summer Peak,0,0,0,0,0.0003492433061699651,0.00849825378346915,0.1110593713620489,0.09301513387660071,0.3337601862630966,0.3789289871944121,0.3338766006984866,0.27625145518044236,0.21140861466821886,0.2788125727590221,0.5448195576251456,0.4622817229336438,0.2948777648428405,0.24144353899883586,0.011525029103608848,0.0,0,0,0,0
Winter Peak,0,0,0,0,0.0,0.0,0.0,0.011990686845168802,0.09522700814901047,0.09976717112922003,0.11129220023282886,0.10803259604190919,0.09045401629802095,0.2717112922002328,0.0739231664726426,0.01571594877764843,0.0,0.0,0.0,0.0,0,0,0,0
