Unit: dimensionless (ratio of electricity demand in this hour to annual demand),Hour0,Hour1,Hour2,Hour3,Hour4,Hour5,Hour6,Hour7,Hour8,Hour9,Hour10,Hour11,Hour12,Hour13,Hour14,Hour15,Hour16,Hour17,Hour18,Hour19,Hour20,Hour21,Hour22,Hour23
Winter,0,0,0,0,0,0,0,0,0,0,0.0,0.0,0.0,0.0,0.0,0.0,0.0,0.005839457024283482,0.0,0.0,0.0,0,0,0
Spring,0,0,0,0,0,0,0,0,0,0,0.0,0.0,0.0,0.0,0.0,0.008500762360661124,0.008500762360661124,0.008500762360661124,0.008500762360661124,0.0,0.0,0,0,0
Summer,0,0,0,0,0,0,0,0,0,0,0.08058722717906747,0.18681275363788882,0.3148002317400026,0.36458069612403426,0.4132730629259012,0.6770687205019376,0.8905398649028599,0.91406997511717,0.835726949201317,0.3528156410168792,0.11377420343508848,0,0,0
Fall,0,0,0,0,0,0,0,0,0,0,0.0,0.0,0.0,0.0,0.02430827836221051,0.05005248877957269,0.07292483508663153,0.07292483508663153,0.04861655672442102,0.0,0.0,0,0,0
Summer Peak,0,0,0,0,0,0,0,0,0,0,0.0,0.0,0.0,0.0,0.0,0.0,0.0,0.0,0.0,0.0,0.0,0,0,0
Winter Peak,0,0,0,0,0,0,0,0,0,0,0.0,0.0,0.0,0.0,0.0,0.0,0.0,0.0,0.0,0.0,0.0,0,0,0
