solar pv,Hour0,Hour1,Hour2,Hour3,Hour4,Hour5,Hour6,Hour7,Hour8,Hour9,Hour10,Hour11,Hour12,Hour13,Hour14,Hour15,Hour16,Hour17,Hour18,Hour19,Hour20,Hour21,Hour22,Hour23
Winter,0,0,0,0,0.0,0.0,0.0013554882775858646,0.06827983483411644,0.25246365445426927,0.33700391398549334,0.32652254313607526,0.31957798675501875,0.3326061629265232,0.34588976689240053,0.32970814438717383,0.18443811519912523,0.030167652905629668,0.0,0.0,0.0,0,0,0,0
Spring,0,0,0,0,0.0037943368612258837,0.08315810758095421,0.2585855431252572,0.42666773125823526,0.5218451544779984,0.5508802523184184,0.5645574143575406,0.5688043543251524,0.5699954449265726,0.565618300187893,0.5557835941645219,0.5097010120912744,0.38768046004663276,0.16732926489158595,0.022315116384070497,0.0,0,0,0,0
Summer,0,0,0,0,0.013230600668365634,0.17417177938361644,0.40089779622595195,0.5240703123708431,0.59271546496304,0.6254645091177515,0.6361080756795907,0.641527886690452,0.6429996495854874,0.6407011612244997,0.6376729275029065,0.6112443521892706,0.5285978465482488,0.34310932697030705,0.10450653975739836,7.183711507189162e-06,0,0,0,0
Fall,0,0,0,0,0.0,0.006552501741376121,0.1465234844410424,0.3939411518294152,0.49875599253899705,0.5146315827897168,0.5029434633567154,0.4961160374429861,0.49950477669785914,0.511092574422005,0.5066267642248238,0.41702880569462475,0.20846552269555108,0.03144082355532021,0.0,0.0,0,0,0,0
Summer Peak,0,0,0,0,0.0005208190842712142,0.14187111855547874,0.40321813504277404,0.5308708925976485,0.6893300989871656,0.6590965511452216,0.612535325011375,0.6217017408945484,0.6466750159853532,0.6677161069899101,0.6982100643739897,0.620061160779094,0.5011321228857623,0.36629206196794495,0.015650613482349987,0.0,0,0,0,0
Winter Peak,0,0,0,0,0.0,0.0,0.0,0.0032811602309086494,0.0640347064111458,0.11697596632731472,0.17468272086456524,0.25913353537914263,0.30439271380231114,0.3926975895404955,0.4199624686020936,0.14455333683947552,0.0,0.0,0.0,0.0,0,0,0,0
