Unit: dimensionless (ratio of electricity demand in this hour to annual demand),Hour0,Hour1,Hour2,Hour3,Hour4,Hour5,Hour6,Hour7,Hour8,Hour9,Hour10,Hour11,Hour12,Hour13,Hour14,Hour15,Hour16,Hour17,Hour18,Hour19,Hour20,Hour21,Hour22,Hour23
Winter,0,0,0,0,0.0,0.0,0.0015813728485589164,0.08098635298910277,0.2998436704348711,0.40116916182910706,0.38881861696710457,0.3804353803849679,0.3963700478663814,0.41464762195742955,0.39706843874121583,0.22339469396068837,0.03713412771157958,0.0,0.0,0.0,0,0,0,0
Spring,0,0,0,0,0.004451772738745201,0.09756671847394359,0.30339005565961286,0.5005954515867639,0.6122640444214188,0.6463299857862086,0.6623769577172915,0.6673597550445677,0.6687572231299566,0.6636216607553234,0.6520829182109222,0.5980157148740018,0.45485294703702217,0.19632201543591174,0.026181604431514766,0.0,0,0,0,0
Summer,0,0,0,0,0.015271855364709945,0.20658815871624228,0.47676642888454934,0.6216089480466004,0.7037155116300694,0.7407427702280848,0.7517119648241876,0.7570185576322747,0.7587335113378232,0.7567425842532446,0.7540439564818874,0.7219603076555215,0.6252135389683711,0.40636830988721945,0.12323456740923765,8.302448225932866e-06,0,0,0,0
Fall,0,0,0,0,0.0,0.007687838399623347,0.17191126604659082,0.4621984142487215,0.5851742773712391,0.6038005940306432,0.590087301468047,0.5820769034274464,0.5860528016107948,0.5996483899565748,0.594408799266728,0.48928641192468914,0.24458585646095993,0.036888501550189585,0.0,0.0,0,0,0,0
Summer Peak,0,0,0,0,0.0006110601894286587,0.16645279560036663,0.4730827986556676,0.6228536510846318,0.8087687137183013,0.7732966697219676,0.7186678887870455,0.7294225481209899,0.7587228842040942,0.7834097158570119,0.8191872899480598,0.7274977085242896,0.5879621142682554,0.42975863122517566,0.018362358692331195,0.0,0,0,0,0
Winter Peak,0,0,0,0,0.0,0.0,0.0,0.00384967919340055,0.0751298502902536,0.13724411854567675,0.20494958753437212,0.30403299725022914,0.3571341277115796,0.4607393828292087,0.49272838374579897,0.16959975557592424,0.0,0.0,0.0,0.0,0,0,0,0
