solar thermal,Hour0,Hour1,Hour2,Hour3,Hour4,Hour5,Hour6,Hour7,Hour8,Hour9,Hour10,Hour11,Hour12,Hour13,Hour14,Hour15,Hour16,Hour17,Hour18,Hour19,Hour20,Hour21,Hour22,Hour23
Winter,0,0,0,0,0,0,0,0.0,0.0,0.08597026105354451,0.379632172730319,0.4988731265317923,0.4972330821139226,0.4834392309663517,0.4711579528355814,0.4827874184413007,0.4920185819135169,0.4464922367288474,0.212818103567228,0.01524334553291587,0.0,0.0,0,0
Spring,0,0,0,0,0,0,0,0.007637606691591486,0.1868704456899553,0.4801433724727477,0.6304709214079677,0.6738243391527751,0.6770571190149218,0.6741824418001066,0.6667403131591222,0.6665004829457718,0.6668298388209551,0.648420405937276,0.5680329323021729,0.3065637915514059,0.03928944549940534,0.0,0,0
Summer,0,0,0,0,0,0,0,0.02416450834579687,0.2757569756756804,0.5148867684942477,0.5994929465900266,0.6301211265305836,0.639167834852409,0.6384156795714278,0.6326676845950608,0.6235306481563508,0.6133791574818604,0.5943928821443896,0.5420651092014821,0.4000606240630627,0.1196187458635802,2.605618756286055e-06,0,0
Fall,0,0,0,0,0,0,0,0.0,0.05499371960449613,0.3642220609111653,0.5521656835225709,0.585689617156009,0.5782596739149287,0.5681218520601431,0.5634121748006251,0.5682717392112219,0.569548876837356,0.5287783330071325,0.3557862634000352,0.07741237795345819,3.220715643015879e-05,0.0,0,0
Summer Peak,0,0,0,0,0,0,0,0.02773160042315249,0.3808372374187698,0.6224875321142511,0.6923076923076923,0.718074656188605,0.7247997581985794,0.7246486323107147,0.7232884993199334,0.7257065135257669,0.7238930028713918,0.712180746561886,0.6731147045488891,0.5597702886504458,0.2211727368898292,0.0,0,0
Winter Peak,0,0,0,0,0,0,0,0.0,0.0,0.002644703037630346,0.2758803082968113,0.3561281547529092,0.3902070424663744,0.4112135408795527,0.425117122563095,0.4855674777089315,0.5276560374792201,0.4930482091582288,0.1934411364666767,0.0,0.0,0.0,0,0
